INSERT INTO "Plan" ("idPlan", nombre, carrera)
VALUES('P001', 'PDMIV25', 'Diseño de la Moda e Industria del Vestido'),
('P002', 'PDAI25', 'Diseno y Arquitectura de Interiores');

INSERT INTO "public"."Usuario"("idIVD","nombreUsuario","password","correoInstitucional","rol")
VALUES
(E'100001',E'Jorge Bins Dibbert',E'$2b$12$ZC1SOwQ9ezMpvi76zYUwDeDmJkB7rDDasxfEgKZplLCPqFpbkRmZC',E'bernardogr95+ivd-test@gmail.com',E'student'),
(E'100007',E'Halina Runte Ziemann',E'$2b$12$4b8P22PBD4.tkASmEu2/necJbcLsRY0WSEaDNtk4A.synceHkxF2S',E'100007@ivd.edu.mx',E'student'),
(E'100023',E'Brad Nienow Crooks',E'$2b$12$f3n4wCy1WuHWntsvh7MwKep3uXB7lliezAFa0PUlMRbeH9567r/ni',E'100023@ivd.edu.mx',E'student'),
(E'100123',E'Adrian Gomez Romero',E'$2b$12$.DDh.jGaz0ydpxIr5tgNl.i1RNejf7WpGrgHCPj6M5/nG4cxUhk9C',E'adriangomezr95@gmail.com',E'student'),
(E'300014',E'Bernardo Gomez Romero',E'$2b$12$8KUcPIMZi0eUaJnra/fin.q8hu1U34De6zpmO8DSz52pF01tIfZwe',E'300014@ivd.edu.mx',E'admin'),
(E'300015',E'Samir Baidon null',E'$2b$12$VNb9dJRNyDKwbx.vhwi9HeoiJSRfhbVM/A53JBXLArUnfXoxQxnVW',E'samirbaidonpardo@hotmail.com',E'admin'),
(E'IVD87493',E'Jorge Cáceres Ochoa',E'Contrasena123',E'jcaceres@IVD.mx',E'student'),
(E'IVD87494',E'Mariana López Herrera',E'LokiMiGato22',E'mlopez@IVD.mx',E'student'),
(E'IVD87495',E'Ricardo Gómez Nieto',E'AmoLasTortas99',E'rgomez@IVD.mx',E'student'),
(E'IVD87496',E'Fernanda Ruiz Salgado',E'PikachuEsReal01',E'fruiz@IVD.mx',E'student'),
(E'IVD87497',E'Alejandro Torres Velasco',E'PerroSalchicha07',E'atorres@IVD.mx',E'student'),
(E'IVD87498',E'Laura Méndez Rivas',E'ViajarSinDinero24',E'lmendez@IVD.mx',E'student'),
(E'IVD87499',E'Daniel Vázquez Ortega',E'GatoDormilón88',E'dvazquez@IVD.mx',E'student'),
(E'IVD87500',E'Gabriela Sánchez Pineda',E'OdioLevantarm3',E'gsanchez@IVD.mx',E'student'),
(E'IVD87501',E'José Luis Perea Castro',E'CaféYPeliculas12',E'jperea@IVD.mx',E'student'),
(E'IVD87502',E'Valeria Ortega Román',E'PugEnMochila99',E'vortega@IVD.mx',E'student'),
(E'IVD87503',E'Sebastián Herrera Núñez',E'NoMasTareas777',E'sherrera@IVD.mx',E'student'),
(E'IVD87504',E'Camila Estrada Lozano',E'QuieroPizzaYa',E'cestrada@IVD.mx',E'student'),
(E'IVD87505',E'Andrés Velázquez Quiróz',E'PerritoFeliz44',E'avelazquez@IVD.mx',E'student'),
(E'IVD87506',E'Natalia Ríos Jiménez',E'MiGatoMeOdia02',E'nrios@IVD.mx',E'student'),
(E'IVD87507',E'Juan Pablo Pérez Galván',E'DormirEsUnLujo',E'jperez@IVD.mx',E'student'),
(E'IVD87508',E'Sofía Delgado Varela',E'NetflixYNachos21',E'sdelgado@IVD.mx',E'student'),
(E'IVD87509',E'Iván Morales Fuentes',E'HamsterLoco19',E'imorales@IVD.mx',E'admin'),
(E'IVD87510',E'Andrea Gutiérrez Salas',E'AutoRojoRápido',E'agutierrez@IVD.mx',E'admin'),
(E'IVD87511',E'Emiliano Castro Hernández',E'AmoLosGatosXD',E'ecastro@IVD.mx',E'admin'),
(E'IVD87512',E'Paulina Ramos Cervantes',E'QuieroUnPerrito',E'pramos@IVD.mx',E'admin'),
(E'IVD87513',E'Roberto Núñez Olvera',E'NoMasExamenes25',E'rnunez@IVD.mx',E'admin'),
(E'IVD92482',E'Inés Pineda González',E'0923829',E'igonzalez@IVD.mx',E'student'),
(E'IVD99023',E'Elena Domínguez',E'aJsqeCFw34Far',E'edominguez@IVD.mx',E'student');

INSERT INTO "Profesor" ("matriculaProfesor","nombreProfesor")
VALUES ('IVD012902', 'Alberto Méndez Álvarez'),
('IVD83721', 'Juan Ignacio Arriola Ruíz'),
('IVD56893', 'Antonia García Heche'),
('IVD42452', 'Esther Vázquez Herrera'),
('IVD53916', 'Beatriz Paredes Sevilla'),
('IVD92482', 'Inés Pineda González');

INSERT INTO "Materia" ("idMateria", "nombreMateria", "idPlan", "creditos", "horasProfesor", "equipamiento")
VALUES ('M001', 'Historia del Arte', 'P001', 15, 8 , ''),
('M002', 'Historia de la Arquitectura I', 'P002', 18, 10, ''),
('M003', 'Historia de la Arquitectura II', 'P002', 18, 10, ''),
('M004', 'Diseño de Accesorios', 'P001', 17, 12, 'Máquina ACC3000'),
('M005', 'Materiales Textiles', 'P001', 21, 6, ''),
('M006', 'Modelado en Maniquí I', 'P001', 15, 10, 'Maniquí'),
('M007', 'Modelado en Maniquí II', 'P001', 17, 14, 'Maniquí'),
('M008', 'Diseño de Paisaje', 'P002', 17, 15, 'Mesas de taller'),
('M009', 'Psicología del Espacio', 'P002', 18, 18, ''),
('M010', 'Iluminación y Acústica', 'P002', 17, 15, 'Lámparas ISH'),
('M011', 'Aplicación Textil I', 'P001', 17, 4, 'Mesas de taller'),
('M012', 'Aplicación Textil II', 'P001', 18, 6, 'Mesas de taller'),
('M013', 'Conceptos y Tendencias de la Moda I', 'P001', 15, 6, ''),
('M014', 'Conceptos y Tendencias de la Moda II', 'P001', 17, 6, ''),
('M015', 'Modelación Digital I', 'P001', 21, 15, 'Tabletas XP1900'),
('M016', 'Modelación Digital II', 'P001', 21, 20, 'Tabletas XP1925'),
('M017', 'Modelos y Prototipos de Mobiliario', 'P002', 21, 20, 'Mesas de taller'),
('M018', 'Fundamentos de Mercadotecnia', 'P002', 21, 20, ''),
('M019', 'Imagen Corporativa', 'P002', 21, 20, ''),
('M020', 'Ilustración Gráfica Digital', 'P002', 21, 20, 'Computadoras XP2070');

INSERT INTO "CicloEscolar" ("idCicloEscolar", "fechaInicio", "fechaFin")
VALUES ('FebJun15', '2015-02-25', '2015-06-25'),
('AgoDic15', '2015-08-17','2015-12-03'),
('FebJun16', '2016-02-19', '2016-06-20'),
('AgoDic16', '2016-08-18', '2016-12-19'),
('FebJun17', '2017-02-22', '2017-06-18'),
('AgoDic17', '2017-08-19', '2017-12-17'),
('FebJun18', '2018-02-21', '2018-06-16'),
('AgoDic18', '2018-08-15', '2018-12-15'),
('FebJun19', '2019-02-17', '2019-06-14'),
('AgoDic19', '2019-08-10', '2019-12-10'),
('FebJun20', '2020-02-20', '2020-06-11'),
('AgoDic20', '2020-08-16', '2020-12-12'),
('FebJun21', '2021-02-18', '2021-06-13'),
('AgoDic21', '2021-08-19', '2021-12-14'),
('FebJun22', '2022-02-15', '2022-06-15'),
('AgoDic22', '2022-08-14', '2022-12-10'),
('FebJun23', '2023-02-13', '2023-06-09'),
('AgoDic23', '2023-08-11', '2023-12-08'),
('FebJun24', '2024-02-10', '2024-06-07'),
('AgoDic24', '2024-08-20', '2024-12-06'),
('FebJun25', '2025-02-19', '2025-06-05'),
('AgoDic25', '2025-08-21', '2025-12-04');

INSERT INTO "public"."Salon"("idSalon","numero","cupo","tipo","descripcion")
VALUES
(E'S001',1,15,E'combinado',E'taller'),
(E'S002',2,20,E'normal',NULL),
(E'S003',3,22,E'combinado',E'mesas con luz'),
(E'S004',4,18,E'normal',NULL),
(E'S005',6,15,E'especial',E'confeccion, maquinas industriales, maquinas familiares'),
(E'S006',7,20,E'especial',E'taller, maquetas, joyeria, aplicacion textil'),
(E'S007',8,35,E'combinado',E'restiradores'),
(E'S008',9,12,E'combinado',E'restiradores'),
(E'S009',10,18,E'especial',E'confeccion, maquinas familiares, maniquies, burros de planchar'),
(E'S010',11,22,E'especial',E'confeccion, maquinas familiares, maniquies, burros de planchar');

INSERT INTO "Administrador" ("idIVD", carrera)
VALUES ('IVD87509', 'Diseño de la Moda e Industria del Vestido'), 
('IVD87510', 'Diseño y Arquitectura de Interiores'),
('IVD87511',  'Diseño de la Moda e Industria del Vestido'),
('IVD87512', 'Diseño y Arquitectura de Interiores'),
('IVD87513', 'Diseño de la Moda e Industria del Vestido');  

INSERT INTO "Alumno" (matricula, semestre, regular, carrera)
VALUES ('IVD87493', 1, true, 'Diseño de la Moda e Industria del Vestido'),  
('IVD87494', 2, true, 'Diseño y Arquitectura de Interiores'),  
('IVD87495', 3, false, 'Diseño de la Moda e Industria del Vestido'),  
('IVD87496', 4, true, 'Diseño y Arquitectura de Interiores'),  
('IVD87497', 5, true, 'Diseño de la Moda e Industria del Vestido'),  
('IVD87498', 1, true, 'Diseño y Arquitectura de Interiores'),  
('IVD87499', 2, false, 'Diseño de la Moda e Industria del Vestido'),  
('IVD87500', 3, true, 'Diseño y Arquitectura de Interiores'),  
('IVD87501', 4, true, 'Diseño de la Moda e Industria del Vestido'),  
('IVD87502', 5, true, 'Diseño y Arquitectura de Interiores'),  
('IVD87503', 6, true, 'Diseño de la Moda e Industria del Vestido'),  
('IVD87504', 7, true, 'Diseño y Arquitectura de Interiores'),  
('IVD87505', 8, false, 'Diseño de la Moda e Industria del Vestido'),  
('IVD87506', 1, true, 'Diseño y Arquitectura de Interiores'),  
('IVD87507', 2, true, 'Diseño de la Moda e Industria del Vestido');  

INSERT INTO "Disponible" ("idCicloEscolar", "matriculaProfesor", lunes,martes,miercoles,jueves,viernes)
VALUES ('FebJun15', 'IVD012902', '{08:00,12:00}', '{10:00,14:00}', '{}', '{10:00,14:00}', '{08:00,12:00}'),  
('FebJun15', 'IVD83721', '{09:00,13:00}', '{}', '{09:00,13:00}', '{11:00,15:00}', '{}'),  
('FebJun15', 'IVD56893', '{07:00,11:00}', '{}', '{07:00,11:00}', '{}', '{07:00,11:00}'),  

('AgoDic15', 'IVD42452', '{}', '{10:00,14:00}', '{08:00,12:00}', '{}', '{08:00,12:00}'),  
('AgoDic15', 'IVD53916', '{10:00,14:00}', '{12:00,15:00}', '{}', '{}', '{10:00,14:00}'),  
('AgoDic15', 'IVD92482', '{}', '{09:30,13:30}', '{07:30,11:30}', '{09:30,13:30}', '{}'),  

('FebJun16', 'IVD012902', '{08:00,12:00}', '{}', '{08:00,12:00}', '{}', '{08:00,12:00}'),  
('FebJun16', 'IVD83721', '{09:00,13:00}', '{11:00,15:00}', '{}', '{11:00,15:00}', '{}'),  
('FebJun16', 'IVD56893', '{07:00,11:00}', '{09:00,13:00}', '{}', '{09:00,13:00}', '{}'),  
('FebJun16', 'IVD42452', '{}', '{10:00,14:00}', '{}', '{10:00,14:00}', '{08:00,12:00}'),  
('FebJun16', 'IVD53916', '{10:00,14:00}', '{}', '{10:00,14:00}', '{12:00,15:00}', '{}'),  

('AgoDic16', 'IVD92482', '{}', '{09:30,13:30}', '{}', '{09:30,13:30}', '{07:30,11:30}'),  
('AgoDic16', 'IVD012902', '{08:00,12:00}', '{10:00,14:00}', '{}', '{10:00,14:00}', '{}'),  
('AgoDic16', 'IVD83721', '{09:00,13:00}', '{}', '{09:00,13:00}', '{}', '{09:00,13:00}'),  

('FebJun17', 'IVD56893', '{}', '{09:00,13:00}', '{07:00,11:00}', '{09:00,13:00}', '{}'),  
('FebJun17', 'IVD42452', '{08:00,12:00}', '{}', '{08:00,12:00}', '{}', '{08:00,12:00}'),  
('FebJun17', 'IVD53916', '{}', '{12:00,15:00}', '{10:00,14:00}', '{}', '{10:00,14:00}'),  
('FebJun17', 'IVD92482', '{07:30,11:30}', '{}', '{07:30,11:30}', '{09:30,13:30}', '{}'),  

('AgoDic17', 'IVD012902', '{}', '{10:00,14:00}', '{08:00,12:00}', '{}', '{08:00,12:00}'),  
('AgoDic17', 'IVD83721', '{09:00,13:00}', '{}', '{09:00,13:00}', '{11:00,15:00}', '{}'), 
('AgoDic17', 'IVD56893', '{07:00,11:00}', '{09:00,13:00}', '{}', '{09:00,13:00}', '{}'),  

('FebJun18', 'IVD42452', '{}', '{10:00,14:00}', '{08:00,12:00}', '{}', '{08:00,12:00}'),  
('FebJun18', 'IVD53916', '{10:00,14:00}', '{12:00,15:00}', '{}', '{}', '{10:00,14:00}'),  
('FebJun18', 'IVD92482', '{}', '{09:30,13:30}', '{07:30,11:30}', '{09:30,13:30}', '{}'), 

('AgoDic18', 'IVD012902', '{08:00,12:00}', '{}', '{08:00,12:00}', '{}', '{08:00,12:00}'),  
('AgoDic18', 'IVD83721', '{09:00,13:00}', '{11:00,15:00}', '{}', '{11:00,15:00}', '{}'),  
('AgoDic18', 'IVD56893', '{07:00,11:00}', '{09:00,13:00}', '{}', '{09:00,13:00}', '{}'),  
('AgoDic18', 'IVD42452', '{}', '{10:00,14:00}', '{}', '{10:00,14:00}', '{08:00,12:00}'),  
('AgoDic18', 'IVD53916', '{10:00,14:00}', '{}', '{10:00,14:00}', '{12:00,15:00}', '{}');  

INSERT INTO "Ofrece" ("idCicloEscolar", "idMateria")
VALUES ('FebJun15', 'M001'),  
('FebJun15', 'M002'),  
('FebJun15', 'M004'),  
('FebJun15', 'M005'),  
('AgoDic15', 'M003'),  
('AgoDic15', 'M006'),  
('AgoDic15', 'M007'),  
('AgoDic15', 'M008'),  
('FebJun16', 'M009'),  
('FebJun16', 'M010'),  
('FebJun16', 'M011'),  
('FebJun16', 'M012'),  
('FebJun16', 'M013'),  
('AgoDic16', 'M014'),  
('AgoDic16', 'M015'),  
('AgoDic16', 'M016'),  
('AgoDic16', 'M017'),  
('FebJun17', 'M018'),  
('FebJun17', 'M019'),  
('FebJun17', 'M020'),  
('AgoDic17', 'M001'),  
('AgoDic17', 'M002'),  
('AgoDic17', 'M003'),  
('AgoDic17', 'M004'),  
('FebJun18', 'M005'),  
('FebJun18', 'M006'),  
('FebJun18', 'M007'),  
('FebJun18', 'M008'),  
('AgoDic18', 'M009'),  
('AgoDic18', 'M010'),  
('AgoDic18', 'M011'),  
('AgoDic18', 'M012'),  
('FebJun19', 'M013'),  
('FebJun19', 'M014'),  
('FebJun19', 'M015'),  
('AgoDic19', 'M016'),  
('AgoDic19', 'M017'),  
('AgoDic19', 'M018'),  
('FebJun20', 'M019'),  
('FebJun20', 'M020'),  
('AgoDic20', 'M001'),  
('AgoDic20', 'M002'),  
('AgoDic20', 'M003'),  
('FebJun21', 'M004'),  
('FebJun21', 'M005'),  
('AgoDic21', 'M006'),  
('AgoDic21', 'M007'), 
('AgoDic21', 'M008'),  
('FebJun22', 'M009'), 
('FebJun22', 'M010'),  
('AgoDic22', 'M011'),  
('AgoDic22', 'M012'),  
('FebJun23', 'M013'),  
('FebJun23', 'M014'),  
('AgoDic23', 'M015'),  
('AgoDic23', 'M016'),  
('FebJun24', 'M017'),  
('FebJun24', 'M018'),  
('AgoDic24', 'M019'),  
('AgoDic24', 'M020'),  
('FebJun25', 'M001'),  
('FebJun25', 'M002'),  
('AgoDic25', 'M003'),  
('AgoDic25', 'M004');  

INSERT INTO "public"."Grupo"("idGrupo","idMateria","matriculaProfesor","idSalon","lunes","martes","miercoles","jueves","viernes")
VALUES
(E'G001',E'M001',E'IVD012902',E'S001',E'{08:00:00,12:00:00}',NULL,E'{08:00:00,12:00:00}',NULL,NULL),
(E'G002',E'M002',E'IVD83721',E'S002',E'{08:00:00,12:00:00}',NULL,E'{08:00:00,12:00:00}',NULL,NULL),
(E'G003',E'M003',E'IVD83721',E'S003',NULL,E'{08:00:00,12:00:00}',NULL,NULL,E'{08:00:00,12:00:00}'),
(E'G004',E'M004',E'IVD56893',E'S009',NULL,NULL,E'{07:00:00,11:00:00}',E'{07:00:00,11:00:00}',NULL),
(E'G005',E'M005',E'IVD56893',E'S006',E'{07:00:00,11:00:00}',NULL,E'{07:00:00,11:00:00}',NULL,NULL),
(E'G008',E'M008',E'IVD53916',E'S004',E'{09:00:00,13:00:00}',NULL,NULL,NULL,E'{09:00:00,13:00:00}'),
(E'G009',E'M009',E'IVD53916',E'S005',E'{07:00:00,11:00:00}',NULL,E'{07:00:00,11:00:00}',NULL,NULL),
(E'G010',E'M010',E'IVD53916',E'S007',NULL,NULL,NULL,NULL,NULL),
(E'G011',E'M011',E'IVD92482',E'S006',NULL,E'{07:00:00,11:00:00}',NULL,E'{07:00:00,11:00:00}',NULL),
(E'G012',E'M012',E'IVD92482',E'S010',NULL,NULL,E'{09:00:00,13:00:00}',NULL,E'{09:00:00,13:00:00}'),
(E'G013',E'M013',E'IVD012902',E'S006',NULL,E'{09:00:00,13:00:00}',NULL,E'{09:00:00,13:00:00}',NULL),
(E'G014',E'M014',E'IVD012902',E'S010',E'{07:00:00,11:00:00}',NULL,E'{07:00:00,11:00:00}',NULL,NULL),
(E'G015',E'M015',E'IVD83721',E'S008',NULL,E'{09:00:00,13:00:00}',NULL,NULL,E'{09:00:00,13:00:00}'),
(E'G016',E'M016',E'IVD83721',E'S008',NULL,NULL,NULL,NULL,NULL),
(E'G017',E'M017',E'IVD56893',E'S009',E'{07:00:00,11:00:00}',E'{07:00:00,11:00:00}',NULL,NULL,NULL),
(E'G018',E'M018',E'IVD56893',E'S001',NULL,E'{09:00:00,13:00:00}',NULL,E'{09:00:00,13:00:00}',E'{09:00:00,13:00:00}'),
(E'G019',E'M019',E'IVD42452',E'S002',E'{12:00:00,14:00:00}',NULL,NULL,NULL,NULL),
(E'G020',E'M020',E'IVD42452',E'S008',E'{12:00:00,15:00:00}',NULL,E'{12:00:00,15:00:00}',NULL,E'{12:00:00,15:00:00}');

INSERT INTO "Enlista" ("idGrupo", matricula)
VALUES ('G001', 'IVD87493'),
('G001', 'IVD87495'),
('G001', 'IVD87497'),
('G002', 'IVD87494'),
('G002', 'IVD87500'),
('G002', 'IVD87502'),
('G003', 'IVD87494'),
('G003', 'IVD87500'),
('G003', 'IVD87504'),
('G004', 'IVD87493'),
('G004', 'IVD87495'),
('G004', 'IVD87497'),
('G005', 'IVD87493'),
('G005', 'IVD87501'),
('G005', 'IVD87503'),
('G006', 'IVD87493'),
('G006', 'IVD87497'),
('G006', 'IVD87501'),
('G007', 'IVD87493'),
('G007', 'IVD87501'),
('G007', 'IVD87503'),
('G008', 'IVD87494'),
('G008', 'IVD87500'),
('G008', 'IVD87502'),
('G009', 'IVD87494'),
('G009', 'IVD87500'),
('G009', 'IVD87504'),
('G010', 'IVD87494'),
('G010', 'IVD87500'),
('G010', 'IVD87504'),
('G011', 'IVD87493'),
('G011', 'IVD87497'),
('G011', 'IVD87501'),
('G012', 'IVD87493'),
('G012', 'IVD87501'),
('G012', 'IVD87503'),
('G013', 'IVD87493'),
('G013', 'IVD87495'),
('G013', 'IVD87497'),
('G014', 'IVD87493'),
('G014', 'IVD87501'),
('G014', 'IVD87503'),
('G015', 'IVD87494'),
('G015', 'IVD87500'),
('G015', 'IVD87502'),
('G016', 'IVD87494'),
('G016', 'IVD87500'),
('G016', 'IVD87504'),
('G017', 'IVD87494'),
('G017', 'IVD87500'),
('G017', 'IVD87502'),
('G018', 'IVD87494'),
('G018', 'IVD87500'),
('G018', 'IVD87504'),
('G019', 'IVD87494'),
('G019', 'IVD87500'),
('G019', 'IVD87502'),
('G020', 'IVD87494'),
('G020', 'IVD87500'),
('G020', 'IVD87504');

INSERT INTO "Abre" ("idCicloEscolar", "idGrupo")
VALUES ('FebJun15', 'G001'),
('FebJun15', 'G002'),
('FebJun15', 'G003'),
('AgoDic15', 'G004'),
('AgoDic15', 'G005'),
('AgoDic15', 'G006'),
('FebJun16', 'G007'),
('FebJun16', 'G008'),
('FebJun16', 'G009'),
('AgoDic16', 'G010'),
('AgoDic16', 'G011'),
('AgoDic16', 'G012'),
('FebJun17', 'G013'),
('FebJun17', 'G014'),
('FebJun17', 'G015'),
('AgoDic17', 'G016'),
('AgoDic17', 'G017'),
('AgoDic17', 'G018'),
('FebJun18', 'G019'),
('FebJun18', 'G020'),
('FebJun18', 'G001'),
('AgoDic18', 'G002'),
('AgoDic18', 'G003'),
('AgoDic18', 'G004'),
('FebJun19', 'G005'),
('FebJun19', 'G006'),
('FebJun19', 'G007'),
('AgoDic19', 'G008'),
('AgoDic19', 'G009'),
('AgoDic19', 'G010'),
('FebJun20', 'G011'),
('FebJun20', 'G012'),
('FebJun20', 'G013'),
('AgoDic20', 'G014'),
('AgoDic20', 'G015'),
('AgoDic20', 'G016'),
('FebJun21', 'G017'),
('FebJun21', 'G018'),
('FebJun21', 'G019'),
('AgoDic21', 'G020'),
('AgoDic21', 'G001'),
('AgoDic21', 'G002'),
('FebJun22', 'G003'),
('FebJun22', 'G004'),
('FebJun22', 'G005'),
('AgoDic22', 'G006'),
('AgoDic22', 'G007'),
('AgoDic22', 'G008'),
('FebJun23', 'G009'),
('FebJun23', 'G010'),
('AgoDic23', 'G011'),
('AgoDic23', 'G012'),
('AgoDic23', 'G013'),
('FebJun24', 'G014'),
('FebJun24', 'G015'),
('AgoDic24', 'G016'),
('AgoDic24', 'G017'),
('FebJun25', 'G018'),
('FebJun25', 'G019'),
('AgoDic25', 'G020');

INSERT INTO "SolicitaCambio" ("idSolicitud", matricula, "idGrupoOriginal", "idGrupoNuevo", resuelto, descripcion, "fechaSolicitud", "fechaResolucion") 
VALUES ('SOL001', 'IVD87493', 'G001', 'G003', TRUE, 'Cambio solicitado por incompatibilidad de horario.', '2024-02-10 08:30:00', '2024-02-12 10:00:00'),
('SOL002', 'IVD87494', 'G002', 'G001', TRUE, 'El alumno desea cambiar de materia debido a preferencia personal.', '2024-02-11 09:00:00', '2024-02-13 11:30:00'),
('SOL003', 'IVD87495', 'G003', 'G004', FALSE, 'Solicita cambio debido a dificultad con el contenido.', '2024-02-12 10:15:00', NULL)

INSERT INTO "Privilegio" ("idPrivilegio", nombre)
VALUES('PRIV001', 'Consultar alumnos'),
('PRIV002', 'Consultar materias'),
('PRIV003', 'Consultar avance de plan de estudios'),
('PRIV004', 'Consultar todos los grupos'),
('PRIV005', 'Consultar grupos asignados'),
('PRIV006', 'Consultar fecha de inscripciones'),
('PRIV007', 'Consultar oferta académica'),
('PRIV008', 'Consultar profesores'),
('PRIV009', 'Registrar disponibilidad de profesores'),
('PRIV010', 'Registrar materias que imparte profesor'),
('PRIV011', 'Registrar oferta académica'),
('PRIV012', 'Registrar grupo'),
('PRIV013', 'Registrar fecha de inscripciones'),
('PRIV014', 'Asignar y eliminar materia de grupo'),
('PRIV015', 'Asignar y eliminar profesor de grupo'),
('PRIV016', 'Asignar y eliminar salón de grupo'),
('PRIV017', 'Asignar materias a alumnos irregulares'),
('PRIV018', 'Enviar solicitud de cambio'),
('PRIV019', 'Contestar solicitud de cambio');

INSERT INTO "Accede" ("nombreRol", "idPrivilegio")
VALUES('admin', 'PRIV001'),
('admin', 'PRIV002'),
('admin', 'PRIV003'),
('admin', 'PRIV004'),
('admin', 'PRIV005'),
('student', 'PRIV005'),
('admin', 'PRIV006'),
('student', 'PRIV006'),
('admin', 'PRIV007'),
('student', 'PRIV007'),
('admin', 'PRIV008'),
('admin', 'PRIV009'),
('admin', 'PRIV010'),
('admin', 'PRIV011'),
('admin', 'PRIV012'),
('admin', 'PRIV013'),
('admin', 'PRIV014'),
('admin', 'PRIV015'),
('admin', 'PRIV016'),
('admin', 'PRIV017'),
('student', 'PRIV018'),
('admin', 'PRIV019');

UPDATE "Usuario"
SET rol = 'admin'
WHERE "idIVD" IN (SELECT "idIVD" FROM "Administrador");

UPDATE "Usuario"
SET rol = 'student'
WHERE "idIVD" IN (SELECT "matricula" FROM "Alumno");